<?xml version="1.0" encoding="UTF-8"?>
<project-private xmlns="http://www.netbeans.org/ns/project-private/1">
    <editor-bookmarks xmlns="http://www.netbeans.org/ns/editor-bookmarks/2" lastBookmarkId="0"/>
    <open-files xmlns="http://www.netbeans.org/ns/projectui-open-files/2">
        <group>
            <file>file:/C:/Users/User/Documents/UNI/PMS%20Project/PMS/src/java/com/DAO/ProductDAO.java</file>
            <file>file:/C:/Users/User/Documents/UNI/PMS%20Project/PMS/web/ProductForm.jsp</file>
            <file>file:/C:/Users/User/Documents/UNI/PMS%20Project/PMS/web/inventory.jsp</file>
            <file>file:/C:/Users/User/Documents/UNI/PMS%20Project/PMS/web/OrderList.jsp</file>
            <file>file:/C:/Users/User/Documents/UNI/PMS%20Project/PMS/web/SupplierForm.jsp</file>
            <file>file:/C:/Users/User/Documents/UNI/PMS%20Project/PMS/web/supplierHome.jsp</file>
            <file>file:/C:/Users/User/Documents/UNI/PMS%20Project/PMS/web/ChooseSupplier.jsp</file>
            <file>file:/C:/Users/User/Documents/UNI/PMS%20Project/PMS/src/java/Servlet/addMembershipServlet.java</file>
            <file>file:/C:/Users/User/Documents/UNI/PMS%20Project/PMS/src/java/Servlet/detailsServlet.java</file>
            <file>file:/C:/Users/User/Documents/UNI/PMS%20Project/PMS/src/java/com/MODEL/Supplier.java</file>
            <file>file:/C:/Users/User/Documents/UNI/PMS%20Project/PMS/web/addUser.jsp</file>
            <file>file:/C:/Users/User/Documents/UNI/PMS%20Project/PMS/src/java/Servlet/viewDetailsServlet.java</file>
            <file>file:/C:/Users/User/Documents/UNI/PMS%20Project/PMS/src/java/com/MODEL/Product.java</file>
            <file>file:/C:/Users/User/Documents/UNI/PMS%20Project/PMS/web/orderHome.jsp</file>
            <file>file:/C:/Users/User/Documents/UNI/PMS%20Project/PMS/src/java/Servlet/listInventoryServlet.java</file>
            <file>file:/C:/Users/User/Documents/UNI/PMS%20Project/PMS/src/java/Servlet/inventoryServlet.java</file>
            <file>file:/C:/Users/User/Documents/UNI/PMS%20Project/PMS/src/java/LoginServlet.java</file>
            <file>file:/C:/Users/User/Documents/UNI/PMS%20Project/PMS/src/java/com/WEB/SupplierServlet.java</file>
            <file>file:/C:/Users/User/Documents/UNI/PMS%20Project/PMS/src/java/com/DAO/SupplierDAO.java</file>
            <file>file:/C:/Users/User/Documents/UNI/PMS%20Project/PMS/src/java/com/MODEL/Order.java</file>
            <file>file:/C:/Users/User/Documents/UNI/PMS%20Project/PMS/web/Login.jsp</file>
            <file>file:/C:/Users/User/Documents/UNI/PMS%20Project/PMS/web/OrderForm.jsp</file>
            <file>file:/C:/Users/User/Documents/UNI/PMS%20Project/PMS/web/home.jsp</file>
            <file>file:/C:/Users/User/Documents/UNI/PMS%20Project/PMS/src/java/Servlet/editMembershipServlet.java</file>
            <file>file:/C:/Users/User/Documents/UNI/PMS%20Project/PMS/src/java/Servlet/detailsInventoryServlet.java</file>
            <file>file:/C:/Users/User/Documents/UNI/PMS%20Project/PMS/web/ChooseSupplier2.jsp</file>
            <file>file:/C:/Users/User/Documents/UNI/PMS%20Project/PMS/web/staffHome.jsp</file>
            <file>file:/C:/Users/User/Documents/UNI/PMS%20Project/PMS/src/java/Servlet/listMembershipServlet.java</file>
        </group>
    </open-files>
</project-private>
